number,date,time,location,type,code,description,status,status_detail,first_visible,last_visible,last_updated,hash
202310020,2023-10-07,22:55:16,"BEDTOWER 6 - 101 MANNING DR, 6311",DRUGS,5102,Custody of Evidence - Drugs/Paraphernalia,CO,Closed by Other Means,2023-10-10T19:02:19Z,2023-10-10T19:02:19Z,2023-10-10T19:02:19Z,9b1093e1d33707907d96a1ad44a64d60
202310017,2023-10-07,01:03:28,"ANDERSON 2 SICU - 101 MANNING DR, 104",SPEAK TO OFFICER,5102,Custody of Evidence - Drugs/Paraphernalia,CO,Closed by Other Means,2023-10-10T19:02:19Z,2023-10-10T19:02:19Z,2023-10-10T19:02:19Z,91041f2506b73ab0d2e4110a0826de17
202310014,2023-10-06,08:34:40,"OUTSIDE PARKING LOT MANNING LEVEL LOT - 101 MANNING DR, 281",TRESPASSING,7101,Trespass,CO,Closed by Other Means,2023-10-10T19:02:19Z,2023-10-10T19:02:19Z,2023-10-10T19:02:19Z,183a128c5b910b12c71df066e18a7989
202310013,2023-10-05,12:39:00,OFFSITE LOCATION. NOT HOSPITAL CONTROLLED. - I 85 near River Rd,045,5001,Accident,I,Inactive,2023-10-10T19:02:19Z,2023-10-10T19:02:19Z,2023-10-10T19:02:19Z,f10c1ed2ead01e73153ed47420466abd
202310012,2023-10-04,12:57:21,"NEUROSCIENCE BASEMENT AMBULANCE BAY - 101 MANNING DR, 232",VEHICLE ACCIDENT/10-50,7201,Vehicle Accidents,CE,Closed by Exception,2023-10-10T19:02:19Z,2023-10-10T19:02:19Z,2023-10-10T19:02:19Z,637e250a37e5ec0f8c4d3c25e4a6e924
202310011,2023-10-04,11:04:53,"TIMBERLYNE GROUND - 1101 WEAVER DAIRY  RD, 316",094,7101,Trespass,CO,Closed by Other Means,2023-10-10T19:02:19Z,2023-10-10T19:02:19Z,2023-10-10T19:02:19Z,0bbea567f88faffb59012df884fab45f
202310010,2023-10-04,10:53:03,"ANDERSON 2 - 101 MANNING DR, 103",EVIDENCE,5101,Custody of Evidence - Bullet/Weapon,CE,Closed by Exception,2023-10-10T19:02:19Z,2023-10-10T19:02:19Z,2023-10-10T19:02:19Z,3ee5a36c4526b1fc09529ab4abb04620
202310004,2023-10-02,10:23:09,"OUTSIDE LOADING DOCK NEURO DOCK - 101 MANNING DR, 280",LARCENY,99401,Larceny - Contractor Property,U,Unfounded,2023-10-10T19:02:19Z,2023-10-10T19:02:19Z,2023-10-10T19:02:19Z,8494f91daaf5267de455b4bc8b497fbb
202310005,2023-10-02,10:20:22,HILLSBOROUGH-BEDTOWER 2 - 430 WATERSTONE DR,018,99103,Assault - Simple - Patient on Visitor,CO,Closed by Other Means,2023-10-10T19:02:19Z,2023-10-10T19:02:19Z,2023-10-10T19:02:19Z,fc2c7e01e8eb0a856f956078fab36497
202310003,2023-10-02,08:22:27,NEUROSCIENCE EDTU SANE ROOM - 101 MANNING DR,SEX OFFENSE/SANE KITS,5103,Custody of Evidence - Sexual Assault Kit,CO,Closed by Other Means,2023-10-10T19:02:19Z,2023-10-10T19:02:19Z,2023-10-10T19:02:19Z,be7b2d438d0883a15e97b075a3796378
202309071,2023-09-29,14:09:14,"NEUROSCIENCE BASEMENT WAITING ROOM - 101 MANNING DR, 231",LOST PROPERTY,6501,Property Lost,I,Inactive,2023-10-10T19:02:19Z,2023-10-10T19:02:19Z,2023-10-10T19:02:19Z,c0830f77e6bc09b8cd90021d55946d9c
202309070,2023-09-29,12:42:08,NEUROSCIENCE EDTU-SECURITY OFFICE - 101 MANNING DR,HARASSMENT,5446.1,Harassing Phone Calls,CO,Closed by Other Means,2023-10-10T19:02:19Z,2023-10-10T19:02:19Z,2023-10-10T19:02:19Z,3f3e3ef77fb92fa0042d611c44d0275e
202309067,2023-09-28,15:17:47,"CANCER CENTER 2 HEMOTOLOGY ONCOLOGY - 101 MANNING DR, 192",SLIP/TRIP/FALL,5001,Accident,CO,Closed by Other Means,2023-10-10T19:02:19Z,2023-10-10T19:02:19Z,2023-10-10T19:02:19Z,a11907064668016e54c5d183c7e74161
202309065,2023-09-28,13:48:33,"NEUROSCIENCE 4 - 101 MANNING DR, 245",DRUG PARAPHERNALIA,5102,Custody of Evidence - Drugs/Paraphernalia,CE,Closed by Exception,2023-10-10T19:02:19Z,2023-10-10T19:02:19Z,2023-10-10T19:02:19Z,6f8601bd9b99289ceb3f99eaec915b2d
202309061,2023-09-27,05:58:57,NEUROSCIENCE EDTU SANE ROOM - 101 MANNING DR,SEX OFFENSE/SANE KITS,5103,Custody of Evidence - Sexual Assault Kit,CO,Closed by Other Means,2023-10-10T19:02:19Z,2023-10-10T19:02:19Z,2023-10-10T19:02:19Z,d4ee35fe9d6a5ec4fc32dc1134777b5c
202309060,2023-09-26,13:42:01,"ANDERSON 4 - 101 MANNING DR, 111",SLIP/TRIP/FALL,5001,Accident,CE,Closed by Exception,2023-10-10T19:02:19Z,2023-10-10T19:02:19Z,2023-10-10T19:02:19Z,40f180393a205023964b2aa399d0591b
202309059,2023-09-26,03:36:05,NEUROSCIENCE EDTU SANE ROOM - 101 MANNING DR,SEX OFFENSE/SANE KITS,5103,Custody of Evidence - Sexual Assault Kit,CO,Closed by Other Means,2023-10-10T19:02:19Z,2023-10-10T19:02:19Z,2023-10-10T19:02:19Z,6388d1193d6d59404c0db41bebe0e6f3
202309058,2023-09-26,03:34:29,NEUROSCIENCE EDTU SANE ROOM - 101 MANNING DR,SEX OFFENSE/SANE KITS,5103,Custody of Evidence - Sexual Assault Kit,CO,Closed by Other Means,2023-10-10T19:02:19Z,2023-10-10T19:02:19Z,2023-10-10T19:02:19Z,c739794cf2cb7cdb0f708bf363abf464
202309057,2023-09-25,16:36:30,"PATIENT SUPPORT TOWER GROUND CD - 101 MANNING DR, 300",026,99105,Assault - Simple - Employee on Employee,CA,Closed by Arrest,2023-10-10T19:02:19Z,2023-10-10T19:02:19Z,2023-10-10T19:02:19Z,ba16160d3c80eaa5ba5da33a1ca28311
202309056,2023-09-25,02:59:46,NEUROSCIENCE EDTU SANE ROOM - 101 MANNING DR,SEX OFFENSE/SANE KITS,5103,Custody of Evidence - Sexual Assault Kit,CE,Closed by Exception,2023-10-10T19:02:19Z,2023-10-10T19:02:19Z,2023-10-10T19:02:19Z,9fb6566164d213f2587709c8a32e4499
202309055,2023-09-24,16:04:02,NEUROSCIENCE EDTU SANE ROOM - 101 MANNING DR,SEX OFFENSE/SANE KITS,5103,Custody of Evidence - Sexual Assault Kit,CE,Closed by Exception,2023-10-10T19:02:19Z,2023-10-10T19:02:19Z,2023-10-10T19:02:19Z,69bb6f4b2463fce630df261618f64973
202309054,2023-09-23,22:15:00,"ED Room 26 - 101 MANNING DR, Room 26",010,5104,Custody of Evidence - Other,CE,Closed by Exception,2023-10-10T19:02:19Z,2023-10-10T19:02:19Z,2023-10-10T19:02:19Z,172b0021ee5c69cbef97673db72fd999
202309052,2023-09-23,12:06:42,"NEUROSCIENCE BASEMENT METAL SCREENER - 101 MANNING DR, 219",EVIDENCE,5104,Custody of Evidence - Destruction,CO,Closed by Other Means,2023-10-10T19:02:19Z,2023-10-10T19:02:19Z,2023-10-10T19:02:19Z,1cf6fef18851a3a32c831db004c209ed
202309051,2023-09-22,16:36:46,"Neuroscience Hospital, 3rd floor, Room 3101 - 101 Manning Dr",INFORMATION ONLY,99104,Assault - Simple - Employee on Patient,CE,Closed by Exception,2023-10-10T19:02:19Z,2023-10-10T19:02:19Z,2023-10-10T19:02:19Z,3934bd022e435f69412288f6bc99f5c1
202309049,2023-09-19,21:50:29,NEUROSCIENCE EDTU SANE ROOM - 101 MANNING DR,SEX OFFENSE/SANE KITS,5104,Custody of Evidence - Other,CE,Closed by Exception,2023-10-10T19:02:19Z,2023-10-10T19:02:19Z,2023-10-10T19:02:19Z,72146341a9b877519f137966a5c3a942
202309045,2023-09-18,02:58:01,"OLD HOSPITAL 3 - 101 MANNING DR, 261",ASSAULT ON STAFF,99108,Assault - Simple - Visitor on Employee,CO,Closed by Other Means,2023-10-10T19:02:19Z,2023-10-10T19:02:19Z,2023-10-10T19:02:19Z,d0453383eb4b48bf26866e832c9e00c2
202309037,2023-09-13,20:18:37,"NEUROSCIENCE BASEMENT TEAM D - 101 MANNING DR, 228",ASSAULT,99102,Assault - Simple - Patient on Employee,CO,Closed by Other Means,2023-10-10T19:02:19Z,2023-10-10T19:02:19Z,2023-10-10T19:02:19Z,78de96fcb086d4a30958bebe97bf4bec
202309036,2023-09-12,20:05:49,"CHILDREN'S HOSPITAL 1 TERRACE CAFE - 101 MANNING DR, 199",LARCENY,99404,Larceny - State/Hospital Property,CO,Closed by Other Means,2023-10-10T19:02:19Z,2023-10-10T19:02:19Z,2023-10-10T19:02:19Z,d2d0b0813864942b385644c11e2f9742
202309034,2023-09-12,10:07:35,CHATHAM HOSPITAL POLICE OFFICE - 475 PROGRESS BLVD,044,6401,Property Found (2 2 mg/ml Vials of Midazolam),CO,Closed by Other Means,2023-10-10T19:02:19Z,2023-10-10T19:02:19Z,2023-10-10T19:02:19Z,10fd2f8d6737d83750ad667ca64a91c8
202309033,2023-09-11,21:33:47,"ANDERSON 2 SICU - 101 MANNING DR, 104",VISITOR DISTURBANCE,5220,Disturbance,CO,Closed by Other Means,2023-10-10T19:02:19Z,2023-10-10T19:02:19Z,2023-10-10T19:02:19Z,ac78b8fb882a2a13195e35151b1bbe05
202309032,2023-09-11,07:51:18,NEUROSCIENCE GNSH - 101 MANNING DRIVE,PANIC ALARM,99102,Assault - Simple - Patient on Employee,CE,Closed by Exception,2023-10-10T19:02:19Z,2023-10-10T19:02:19Z,2023-10-10T19:02:19Z,fe7423e8171b37f8f134662542f39dce
202309031,2023-09-11,00:01:19,NEUROSCIENCE EDTU SANE ROOM - 101 MANNING DR,SEX OFFENSE/SANE KITS,5103,Custody of Evidence - Sexual Assault Kit,CO,Closed by Other Means,2023-10-10T19:02:19Z,2023-10-10T19:02:19Z,2023-10-10T19:02:19Z,944b66f0fd8221b9554cd258753a8bf7
202309030,2023-09-10,17:02:25,NEUROSCIENCE EDTU SANE ROOM - 101 MANNING DR,SEX OFFENSE/SANE KITS,5103,Custody of Evidence - Sexual Assault Kit,CO,Closed by Other Means,2023-10-10T19:02:19Z,2023-10-10T19:02:19Z,2023-10-10T19:02:19Z,5235af3aba976ea1a3f010c16e3710c1
202309028,2023-09-09,16:15:07,"ANDERSON 2 NSICU - 101 MANNING DR, 107",EVIDENCE,5102,Custody of Evidence - Drugs/Paraphernalia,CO,Closed by Other Means,2023-10-10T19:02:19Z,2023-10-10T19:02:19Z,2023-10-10T19:02:19Z,c447b80bde884c5f03d19a3d488051d6
202309029,2023-09-09,13:10:16,EMERGENCY DEPARTMENT - 101 Emergency Drive,LOST PROPERTY,6501,Property Lost,CE,Closed by Exception,2023-10-10T19:02:19Z,2023-10-10T19:02:19Z,2023-10-10T19:02:19Z,85fc39a5b42b445f6b596c4f788f21b3
202309027,2023-09-09,11:27:54,NEUROSCIENCE EDTU SANE ROOM - 101 MANNING DR,SEX OFFENSE/SANE KITS,5103,Custody of Evidence - Sexual Assault Kit,CO,Closed by Other Means,2023-10-10T19:02:19Z,2023-10-10T19:02:19Z,2023-10-10T19:02:19Z,29a984e3658e7bd781b358abc4546b58
202309025,2023-09-08,19:13:30,NEUROSCIENCE EDTU SANE ROOM - 101 MANNING DR,SEX OFFENSE/SANE KITS,5104,Custody of Evidence - Other,CE,Closed by Exception,2023-10-10T19:02:19Z,2023-10-10T19:02:19Z,2023-10-10T19:02:19Z,f2cc05f51fcb467b99c82f76c22e1a3d
202309024,2023-09-08,15:40:19,"CHILDREN'S HOSPITAL 2 PICU - 101 MANNING DR, 201",VISITOR DISTURBANCE,5220,Disturbance-Visitor,CO,Closed by Other Means,2023-10-10T19:02:19Z,2023-10-10T19:02:19Z,2023-10-10T19:02:19Z,166fa69a0937b60d11c78f0301943c37
202309009,2023-09-02,22:06:01,EMERGENCY DEPARTMENT - 101 Emergency Drive,044.1,5001,Accident,NA,NA,2023-10-10T19:02:19Z,2023-10-10T19:02:19Z,2023-10-10T19:02:19Z,e8ab156e4946060a2445a96c581baff8
202309005,2023-09-01,13:42:00,EASTOWNE MOB PARKING DECK - 150 EASTOWNE DR,102,7201,Vehicle Accidents,CO,Closed by Other Means,2023-10-10T19:02:19Z,2023-10-10T19:02:19Z,2023-10-10T19:02:19Z,8eba0254502ba1011d348a3dd2c4df41
202309006,2023-09-01,12:47:00,"OLD HOSPITAL 1 - 101 MANNING DR, 259",048,99403,Larceny - Patient Property,U,Unfounded,2023-10-10T19:02:19Z,2023-10-10T19:02:19Z,2023-10-10T19:02:19Z,54393f70d465290a2bc5a9ae470a35b8
202309004,2023-09-01,06:18:51,"BEDTOWER 5 - 101 MANNING DR, 149",LOST PROPERTY,6501,Property Lost,CE,Closed by Exception,2023-10-10T19:02:19Z,2023-10-10T19:02:19Z,2023-10-10T19:02:19Z,18e275e01da6cd360652df835dabd055
202309001,2023-09-01,01:07:01,"NEUROSCIENCE 4 CRISIS UNIT - 101 MANNING DR, 247",030,5102,Custody of Evidence - Drugs/Paraphernalia,CE,Closed by Exception,2023-10-10T19:02:19Z,2023-10-10T19:02:19Z,2023-10-10T19:02:19Z,f1b9be8c63c446cfdb773db0604d5e15
202308085,2023-08-30,10:40:22,"CANCER CENTER MANNING - 101 MANNING DR, 159",VEHICLE ACCIDENT/10-50,6301,Property Damage (Noncriminal) - State Property,CO,Closed by Other Means,2023-10-10T19:02:19Z,2023-10-10T19:02:19Z,2023-10-10T19:02:19Z,21982ee36cbabefda03a69ad9bf85d55
202308082,2023-08-29,15:03:02,"OLD HOSPITAL GROUND - 101 MANNING DR, 267",VISITOR DISTURBANCE,5102,Custody of Evidence - Drugs/Paraphernalia,CE,Closed by Exception,2023-10-10T19:02:19Z,2023-10-10T19:02:19Z,2023-10-10T19:02:19Z,720e653587f737569ac9ec7f07affbe9
202308080,2023-08-29,01:08:41,"NEUROSCIENCE BASEMENT METAL SCREENER - 101 MANNING DR, 219",TRESPASSING,7101,Trespass,CE,Closed by Exception,2023-10-10T19:02:19Z,2023-10-10T19:02:19Z,2023-10-10T19:02:19Z,84c8958cf5794fa0333e9eb82be3ba4e
202308079,2023-08-28,13:02:05,OFFSITE LOCATION. NOT HOSPITAL CONTROLLED. - 131 South rd,006,5602,Police Agency Assist,CE,Closed by Exception,2023-10-10T19:02:19Z,2023-10-10T19:02:19Z,2023-10-10T19:02:19Z,211066fbbcda5f76ed708204de47bd71
202308078,2023-08-28,11:35:54,"MEADOWMONT 300 - 300 MEADOWMONT VILLAGE CIRCLE, 168",018,90F,"Family Offenses, Nonviolent",I,Inactive,2023-10-10T19:02:19Z,2023-10-10T19:02:19Z,2023-10-10T19:02:19Z,d16a65db02d5e499568015f033eba978
202308077,2023-08-28,00:01:12,HILLSBOROUGH-BEDTOWER 1 - 430 WATERSTONE DR,038,5102,Custody of Evidence - Drugs/Paraphernalia,CO,Closed by Other Means,2023-10-10T19:02:19Z,2023-10-10T19:02:19Z,2023-10-10T19:02:19Z,d87fa73d758ced42eb443eeee51c6c2d
202308076,2023-08-26,23:21:03,NEUROSCIENCE EDTU SANE ROOM - 101 MANNING DR,SEX OFFENSE/SANE KITS,5104,Custody of Evidence - Drug Facilitated Sexual Assault Kit,CE,Closed by Exception,2023-10-10T19:02:19Z,2023-10-10T19:02:19Z,2023-10-10T19:02:19Z,943e5b0d8bb9fa125df67ddfd6b149f7
202308074,2023-08-26,17:12:14,"WAKEBROOK - 107 SUNNYBROOK RD, 338",FOUND PROPERTY,6401,Property Found,NA,NA,2023-10-10T19:02:19Z,2023-10-10T19:02:19Z,2023-10-10T19:02:19Z,85dd7c26cb5a6536d93c04c2aab599ba
202308073,2023-08-26,15:26:37,"WAKEBROOK-CAS - 107 SUNNYBROOK, 360",FORCED MEDICATION,5220,Disturbance,CE,Closed by Exception,2023-10-10T19:02:19Z,2023-10-10T19:02:19Z,2023-10-10T19:02:19Z,b097536a9d88da6ab1dfa0b199cfa0eb
202308072,2023-08-25,13:51:33,"EASTOWNE 100 MOB - 100 EASTOWNE, 346",008,5215,Bomb Threat,I,Inactive,2023-10-10T19:02:19Z,2023-10-10T19:02:19Z,2023-10-10T19:02:19Z,2cf1498b3a5d293e40bb2e157e99d94f
202308071,2023-08-25,11:29:04,"NEUROSCIENCE BASEMENT POLICE SUP. DESK - 101 MANNING DR, 223",TRESPASSING,7101,Trespass,CE,Closed by Exception,2023-10-10T19:02:19Z,2023-10-10T19:02:19Z,2023-10-10T19:02:19Z,d929195fafbcaafc3fe95af2ca467fb8
202308068,2023-08-24,21:04:21,"OUTSIDE DRIVEWAY ENTRANCE - 101 MANNING DR, 286",TRESPASSING,7101,Trespass,NA,NA,2023-10-10T19:02:19Z,2023-10-10T19:02:19Z,2023-10-10T19:02:19Z,149c7b48c4395df10ba04b6cfe1d9159
202308067,2023-08-24,19:51:39,NEUROSCIENCE EDTU SANE ROOM - 101 MANNING DR,SEX OFFENSE/SANE KITS,5103,Custody of Evidence - Sexual Assault Kit,CO,Closed by Other Means,2023-10-10T19:02:19Z,2023-10-10T19:02:19Z,2023-10-10T19:02:19Z,17cfd8254b8a3be0bfbe42cb6607be2b
202308063,2023-08-22,19:40:45,"HILLSBOROUGH-LOADING DOCK - 430 WATERSTONE DR, 367",045,6301,Property Damage (Noncriminal),CO,Closed by Other Means,2023-10-10T19:02:19Z,2023-10-10T19:02:19Z,2023-10-10T19:02:19Z,3a020ee2b440f1e4cfd6560236579000
202308059,2023-08-20,14:30:33,NEUROSCIENCE GNSH - 101 MANNING DRIVE,068,290,Destruction/Damage/Vandalism of Property,CO,Closed by Other Means,2023-10-10T19:02:19Z,2023-10-10T19:02:19Z,2023-10-10T19:02:19Z,8e151264a9cfb67523f5df2345abdda1
202308056,2023-08-19,08:01:09,Emergency Department Team C - 101 MANNING DR,MISSING PERSON,5218,Missing Patient,A,Active,2023-10-10T19:02:19Z,2023-10-10T19:02:19Z,2023-10-10T19:02:19Z,52b059c81248273b23b8d4687ae37b77
202308054,2023-08-18,12:41:42,"ANDERSON 4 CTSU - 101 MANNING DR, 113",LOST PROPERTY,6501,Property Lost,CE,Closed by Exception,2023-10-10T19:02:19Z,2023-10-10T19:02:19Z,2023-10-10T19:02:19Z,699849c01db571872616b0a285a318e1
202308052,2023-08-18,08:18:56,HILLSBOROUGH-BEDTOWER 1 - 430 WATERSTONE DR,DOC RELATED SITUATION,5203,Security Threat,CO,Closed by Other Means,2023-10-10T19:02:19Z,2023-10-10T19:02:19Z,2023-10-10T19:02:19Z,61ff2fc780757670395a3e8f16043079
202308051,2023-08-17,19:35:20,"NEUROSCIENCE 6 - 101 MANNING DR, 252",ASSAULT ON STAFF,99102,Assault - Simple - Patient on Employee,CE,Closed by Exception,2023-10-10T19:02:19Z,2023-10-10T19:02:19Z,2023-10-10T19:02:19Z,74be3ae044ae0bf89f960b5cfd39548c
202308049,2023-08-17,13:09:48,"100 Eastowne Drive Parking Garage - 100 EASTOWNE, 346",102,7201,Vehicle Accidents,CO,Closed by Other Means,2023-10-10T19:02:19Z,2023-10-10T19:02:19Z,2023-10-10T19:02:19Z,178d0b823f653e3cef3a1e4b563ac837
202308048,2023-08-16,20:53:31,C/T Break Room - MANNING DR,LARCENY,99402,Larceny - Employee Property,I,Inactive,2023-10-10T19:02:19Z,2023-10-10T19:02:19Z,2023-10-10T19:02:19Z,ce220ddc59827ab5dc0f12a94c829213
202308045,2023-08-15,19:43:45,"WAKEBROOK-CAS - 107 SUNNYBROOK, 360",PATIENT INTERVENTION,5220,Disturbance,NA,NA,2023-10-10T19:02:19Z,2023-10-10T19:02:19Z,2023-10-10T19:02:19Z,b1fdb44122bb760ba25952cdf07cd762
202308044,2023-08-15,15:12:21,NEUROSCIENCE EDTU SANE ROOM - 101 MANNING DR,SEX OFFENSE/SANE KITS,5103,Custody of Evidence - Sexual Assault Kit,CE,Closed by Exception,2023-10-10T19:02:19Z,2023-10-10T19:02:19Z,2023-10-10T19:02:19Z,5483fde89561c2bbb384c9f0714615a1
202308043,2023-08-15,14:26:51,"WAKEBROOK-CAS - 107 SUNNYBROOK, 360",ASSIST OTHER AGENCY,5602,Police Agency Assist,CO,Closed by Other Means,2023-10-10T19:02:19Z,2023-10-10T19:02:19Z,2023-10-10T19:02:19Z,c1de5232750a664e50b64e5703b8345f
202308042,2023-08-15,01:17:30,EMERGENCY DEPARTMENT - 101 Emergency Drive,SUSPICIOUS CONDITION/PERSON/VEHICLE,7101,Trespass,CO,Closed by Other Means,2023-10-10T19:02:19Z,2023-10-10T19:02:19Z,2023-10-10T19:02:19Z,095b94e73e17b6280d06179393a4ca07
202308041,2023-08-15,00:55:26,NEUROSCIENCE EDTU SANE ROOM - 101 MANNING DR,SEX OFFENSE/SANE KITS,5103,Custody of Evidence - Sexual Assault Kit,CO,Closed by Other Means,2023-10-10T19:02:19Z,2023-10-10T19:02:19Z,2023-10-10T19:02:19Z,0c4f39a65813d8ed55a798d2b9c12ac7
202308036,2023-08-12,08:04:26,"WAKEBROOK- FBC - 107 SUNNYBROOK DR, 377",068,5220,Disturbance,CO,Closed by Other Means,2023-10-10T19:02:19Z,2023-10-10T19:02:19Z,2023-10-10T19:02:19Z,e83d606bce270a1dd3775a28321d4505
202308035,2023-08-12,06:07:07,"BEDTOWER 3 - 101 MANNING DR, 144",BEHAVIORAL RESPONSE,99102,Assault - Simple - Patient on Employee,CO,Closed by Other Means,2023-10-10T19:02:19Z,2023-10-10T19:02:19Z,2023-10-10T19:02:19Z,99c5c2eb5dbd529fa640030fbd70ee75
202310026,2023-10-10,18:13:49,NEUROSCIENCE EDTU SANE ROOM - 101 MANNING DR,SEX OFFENSE/SANE KITS,5103,Custody of Evidence - Sexual Assault Kit,CO,Closed by Other Means,2023-10-11T01:12:46Z,1696986766.69746,2023-10-11T01:12:46Z,3027227c3b9e9a457e6b1c14ceab07bd
202310026,2023-10-10,18:13:49,NEUROSCIENCE EDTU SANE ROOM - 101 MANNING DR,SEX OFFENSE/SANE KITS,5103,Custody of Evidence - Sexual Assault Kit,CO,Closed by Other Means,2023-10-11T01:12:46Z,1696986766.69746,2023-10-11T01:12:46Z,3027227c3b9e9a457e6b1c14ceab07bd
202310027,2023-10-11,14:17:21,"NEUROSCIENCE BASEMENT BHED - 101 MANNING DR, 233",044,99102,Assault - Simple - Patient on Employee,CO,Closed by Other Means,2023-10-12T01:12:47Z,1697073167.05847,2023-10-12T01:12:47Z,05f0126ab23ba4f69980e64f89cee87b
202310027,2023-10-11,14:17:21,"NEUROSCIENCE BASEMENT BHED - 101 MANNING DR, 233",044,99102,Assault - Simple - Patient on Employee,CO,Closed by Other Means,2023-10-12T01:12:47Z,1697073167.05847,2023-10-12T01:12:47Z,05f0126ab23ba4f69980e64f89cee87b
202310029,2023-10-11,14:25:12,"PATIENT SUPPORT TOWER 2 OR/PACU - 101 MANNING DR, 304",BEHAVIORAL RESPONSE,5219,Disturbance - Behavior Response Code,CE,Closed by Exception,2023-10-12T12:34:28Z,1697114067.83475,2023-10-12T12:34:27Z,3099e5bde7c63d5b6a95e19a965aaa9e
202310029,2023-10-11,14:25:12,"PATIENT SUPPORT TOWER 2 OR/PACU - 101 MANNING DR, 304",BEHAVIORAL RESPONSE,5219,Disturbance - Behavior Response Code,CE,Closed by Exception,2023-10-12T12:34:27Z,1697114067.83475,2023-10-12T12:34:27Z,3099e5bde7c63d5b6a95e19a965aaa9e
202310009,2023-10-03,22:00:00,"NEUROSCIENCE BASEMENT TEAM D - 101 MANNING DR, 228",LARCENY,99402,Larceny - Employee Property,CE,Closed by Exception,2023-10-12T12:34:27Z,1697114067.83475,2023-10-12T12:34:27Z,0c63081a63bc751da5d527f07705ed2a
202310032,2023-10-12,15:48:47,"APCF GROUND CRANBERRY CORNER - 101 MANNING DR, 129",LARCENY,99404,Larceny - State/Hospital Property,CE,Closed by Exception,2023-10-13T01:14:44Z,1697159683.72516,2023-10-13T01:14:43Z,20f540a26313dccf60065bfcbb053a35
202310031,2023-10-12,11:03:53,"OUTSIDE ENTRANCE ER, ED entrance on Emergency room Drive - 101 MANNING DR, 296",VEHICLE ACCIDENT/10-50,7201,Vehicle Accidents,CE,Closed by Exception,2023-10-13T01:14:44Z,1697159683.72516,2023-10-13T01:14:43Z,008d238356174ccc86f83931cf857ceb
202310030,2023-10-12,09:49:59,"ANDERSON 2 - 101 MANNING DR, 103",EVIDENCE,5101,Custody of Evidence - Bullet/Weapon,CE,Closed by Exception,2023-10-13T01:14:44Z,1697159683.72516,2023-10-13T01:14:43Z,753eac8fc16409a357ee4b410acda98e
202310032,2023-10-12,15:48:47,"APCF GROUND CRANBERRY CORNER - 101 MANNING DR, 129",LARCENY,99404,Larceny - State/Hospital Property,CE,Closed by Exception,2023-10-13T01:14:43Z,1697159683.72516,2023-10-13T01:14:43Z,20f540a26313dccf60065bfcbb053a35
202310031,2023-10-12,11:03:53,"OUTSIDE ENTRANCE ER, ED entrance on Emergency room Drive - 101 MANNING DR, 296",VEHICLE ACCIDENT/10-50,7201,Vehicle Accidents,CE,Closed by Exception,2023-10-13T01:14:43Z,1697159683.72516,2023-10-13T01:14:43Z,008d238356174ccc86f83931cf857ceb
202310030,2023-10-12,09:49:59,"ANDERSON 2 - 101 MANNING DR, 103",EVIDENCE,5101,Custody of Evidence - Bullet/Weapon,CE,Closed by Exception,2023-10-13T01:14:43Z,1697159683.72516,2023-10-13T01:14:43Z,753eac8fc16409a357ee4b410acda98e
202310037,2023-10-14,08:31:03,NEUROSCIENCE EDTU SANE ROOM - 101 MANNING DR,030,5103,Custody of Evidence - Sexual Assault Kit,CO,Closed by Other Means,2023-10-15T01:18:13Z,1697332693.01668,2023-10-15T01:18:13Z,cc5be104b0af8e40acf49e1618dd280b
202310036,2023-10-13,16:59:42,EMERGENCY DEPARTMENT - 101 Emergency Drive,DRUGS,5104,Custody of Evidence - Other,CE,Closed by Exception,2023-10-15T01:18:13Z,1697332693.01668,2023-10-15T01:18:13Z,d119c27b747834972969c2200a9d2e32
202310037,2023-10-14,08:31:03,NEUROSCIENCE EDTU SANE ROOM - 101 MANNING DR,030,5103,Custody of Evidence - Sexual Assault Kit,CO,Closed by Other Means,2023-10-15T01:18:13Z,1697332693.01668,2023-10-15T01:18:13Z,cc5be104b0af8e40acf49e1618dd280b
202310036,2023-10-13,16:59:42,EMERGENCY DEPARTMENT - 101 Emergency Drive,DRUGS,5104,Custody of Evidence - Other,CE,Closed by Exception,2023-10-15T01:18:13Z,1697332693.01668,2023-10-15T01:18:13Z,d119c27b747834972969c2200a9d2e32
202310033,2023-10-13,13:28:35,"NEUROSCIENCE BASEMENT TEAM D - 101 MANNING DR, 228",CODE WALKER,5218,Missing Patient,L,Located (Missing Persons and Runaways only),2023-10-15T01:18:13Z,1697332693.01668,2023-10-15T01:18:13Z,26d9b847a887f98fe73843803a889e81
202310039,2023-10-16,01:40:58,NEUROSCIENCE EDTU SANE ROOM - 101 MANNING DR,SEX OFFENSE/SANE KITS,5103,Custody of Evidence - Sexual Assault Kit,CO,Closed by Other Means,2023-10-16T12:35:22Z,1697459721.87332,2023-10-16T12:35:21Z,3973cbb8206d24e3ca2897e120a540ee
202310039,2023-10-16,01:40:58,NEUROSCIENCE EDTU SANE ROOM - 101 MANNING DR,SEX OFFENSE/SANE KITS,5103,Custody of Evidence - Sexual Assault Kit,CO,Closed by Other Means,2023-10-16T12:35:21Z,1697459721.87332,2023-10-16T12:35:21Z,3973cbb8206d24e3ca2897e120a540ee
202310041,2023-10-16,11:37:57,"BEDTOWER 7 - 101 MANNING DR, 151",BEHAVIORAL RESPONSE,99102,Assault - Simple - Patient on Employee,CO,Closed by Other Means,2023-10-17T01:13:02Z,1697505181.79664,2023-10-17T01:13:01Z,3183a222c6739e155ff9d98cc0eb2475
202310040,2023-10-16,08:55:37,NEUROSCIENCE EDTU SANE ROOM - 101 MANNING DR,SEX OFFENSE/SANE KITS,5103,Custody of Evidence - Sexual Assault Kit,CO,Closed by Other Means,2023-10-17T01:13:02Z,1697505181.79664,2023-10-17T01:13:01Z,2307dfba7e169cfa809e82618e75c623
202310041,2023-10-16,11:37:57,"BEDTOWER 7 - 101 MANNING DR, 151",BEHAVIORAL RESPONSE,99102,Assault - Simple - Patient on Employee,CO,Closed by Other Means,2023-10-17T01:13:01Z,1697505181.79664,2023-10-17T01:13:01Z,3183a222c6739e155ff9d98cc0eb2475
202310040,2023-10-16,08:55:37,NEUROSCIENCE EDTU SANE ROOM - 101 MANNING DR,SEX OFFENSE/SANE KITS,5103,Custody of Evidence - Sexual Assault Kit,CO,Closed by Other Means,2023-10-17T01:13:01Z,1697505181.79664,2023-10-17T01:13:01Z,2307dfba7e169cfa809e82618e75c623
202310044,2023-10-17,23:51:18,"EMERGENCY DEPARTMENT, Rm 99 - 101 Emergency Drive",EVIDENCE,5102,Custody of Evidence - Drugs/Paraphernalia,CO,Closed by Other Means,2023-10-18T12:34:47Z,1697632486.55406,2023-10-18T12:34:46Z,ab172737b3113a8a6ee32bd40677f020
202310044,2023-10-17,23:51:18,"EMERGENCY DEPARTMENT, Rm 99 - 101 Emergency Drive",EVIDENCE,5102,Custody of Evidence - Drugs/Paraphernalia,CO,Closed by Other Means,2023-10-18T12:34:46Z,1697632486.55406,2023-10-18T12:34:46Z,ab172737b3113a8a6ee32bd40677f020
202310047,2023-10-19,00:44:59,"BEDTOWER 3 MPCU, Room 3324 - 101 MANNING DR, 147",ASSAULT ON STAFF,99102,Assault - Simple - Patient on Employee,CO,Closed by Other Means,2023-10-19T12:34:58Z,1697718897.62832,2023-10-19T12:34:57Z,a72c6786e3dfa6eafee0012c97bdb094
202310047,2023-10-19,00:44:59,"BEDTOWER 3 MPCU, Room 3324 - 101 MANNING DR, 147",ASSAULT ON STAFF,99102,Assault - Simple - Patient on Employee,CO,Closed by Other Means,2023-10-19T12:34:57Z,1697718897.62832,2023-10-19T12:34:57Z,a72c6786e3dfa6eafee0012c97bdb094
202310049,2023-10-19,17:55:38,NEUROSCIENCE EDTU SANE ROOM - 101 MANNING DR,SEX OFFENSE/SANE KITS,5103,Custody of Evidence - Sexual Assault Kit,CO,Closed by Other Means,2023-10-20T01:12:44Z,1697764364.11976,2023-10-20T01:12:44Z,be02a7cab4816b93ef38b726735176f2
202310048,2023-10-19,09:31:00,NEUROSCIENCE EDTU-TRANSITIONAL/FLEX - 101 MANNING DR,005.1,99101,Assault - Simple - Patient on Patient,CE,Closed by Exception,2023-10-20T01:12:44Z,1697764364.11976,2023-10-20T01:12:44Z,734471b8662a1e3b811a670da3929b2a
202310049,2023-10-19,17:55:38,NEUROSCIENCE EDTU SANE ROOM - 101 MANNING DR,SEX OFFENSE/SANE KITS,5103,Custody of Evidence - Sexual Assault Kit,CO,Closed by Other Means,2023-10-20T01:12:44Z,1697764364.11976,2023-10-20T01:12:44Z,be02a7cab4816b93ef38b726735176f2
202310048,2023-10-19,09:31:00,NEUROSCIENCE EDTU-TRANSITIONAL/FLEX - 101 MANNING DR,005.1,99101,Assault - Simple - Patient on Patient,CE,Closed by Exception,2023-10-20T01:12:44Z,1697764364.11976,2023-10-20T01:12:44Z,734471b8662a1e3b811a670da3929b2a
202310053,2023-10-20,19:36:11,NEUROSCIENCE EDTU SANE ROOM - 101 MANNING DR,SEX OFFENSE/SANE KITS,5103,Custody of Evidence - Sexual Assault Kit,CO,Closed by Other Means,2023-10-21T01:10:21Z,1697850621.45243,2023-10-21T01:10:21Z,e256cc8e7a1d40c516fcaf7795773141
202310053,2023-10-20,19:36:11,NEUROSCIENCE EDTU SANE ROOM - 101 MANNING DR,SEX OFFENSE/SANE KITS,5103,Custody of Evidence - Sexual Assault Kit,CO,Closed by Other Means,2023-10-21T01:10:21Z,1697850621.45243,2023-10-21T01:10:21Z,e256cc8e7a1d40c516fcaf7795773141
202310054,2023-10-21,03:07:03,NEUROSCIENCE EDTU SANE ROOM - 101 MANNING DR,SEX OFFENSE/SANE KITS,5103,Custody of Evidence - Sexual Assault Kit,CO,Closed by Other Means,2023-10-21T12:31:45Z,1697891504.41875,2023-10-21T12:31:44Z,d1b026767f49f487da828003d1b6faa4
202310054,2023-10-21,03:07:03,NEUROSCIENCE EDTU SANE ROOM - 101 MANNING DR,SEX OFFENSE/SANE KITS,5103,Custody of Evidence - Sexual Assault Kit,CO,Closed by Other Means,2023-10-21T12:31:44Z,1697891504.41875,2023-10-21T12:31:44Z,d1b026767f49f487da828003d1b6faa4
202310056,2023-10-21,15:47:37,EMERGENCY DEPARTMENT - 101 Emergency Drive,RISK ASSESSMENT,5104,Custody of Evidence - GSR Kit,CE,Closed by Exception,2023-10-22T01:18:28Z,1697937507.89116,2023-10-22T01:18:27Z,0adb31a92afcc406293fa741752923c9
202310056,2023-10-21,15:47:37,EMERGENCY DEPARTMENT - 101 Emergency Drive,RISK ASSESSMENT,5104,Custody of Evidence - GSR Kit,CE,Closed by Exception,2023-10-22T01:18:27Z,1697937507.89116,2023-10-22T01:18:27Z,0adb31a92afcc406293fa741752923c9
202310060,2023-10-22,16:00:31,"APCF GROUND CRANBERRY CORNER - 101 MANNING DR, 129",TRESPASSING,7101,Trespass,CO,Closed by Other Means,2023-10-23T01:13:30Z,1698023610.1953,2023-10-23T01:13:30Z,1710f145d4931a97d972eb2e0e6bca97
202310060,2023-10-22,16:00:31,"APCF GROUND CRANBERRY CORNER - 101 MANNING DR, 129",TRESPASSING,7101,Trespass,CO,Closed by Other Means,2023-10-23T01:13:30Z,1698023610.1953,2023-10-23T01:13:30Z,1710f145d4931a97d972eb2e0e6bca97
202310062,2023-10-19,13:21:35,"BEDTOWER 9 - 101 MANNING DR, 154",HAZARDOUS CONDITION,5204,Hazmat Incident,CE,Closed by Exception,2023-10-24T01:12:31Z,1698109950.31894,2023-10-24T01:12:30Z,621cb1f2227d0c191d6f25ea5656c960
202310062,2023-10-19,13:21:35,"BEDTOWER 9 - 101 MANNING DR, 154",HAZARDOUS CONDITION,5204,Hazmat Incident,CE,Closed by Exception,2023-10-24T01:12:30Z,1698109950.31894,2023-10-24T01:12:30Z,621cb1f2227d0c191d6f25ea5656c960
202310057,2023-10-22,05:29:40,"NEUROSCIENCE BASEMENT TEAM A - 101 MANNING DR, 225",LOST PROPERTY,6501,Property Lost,CO,Closed by Other Means,2023-10-24T12:33:20Z,1698150799.47248,2023-10-24T12:33:19Z,09d3174f59e1853fc742c81462f8bf95
202310057,2023-10-22,05:29:40,"NEUROSCIENCE BASEMENT TEAM A - 101 MANNING DR, 225",LOST PROPERTY,6501,Property Lost,CO,Closed by Other Means,2023-10-24T12:33:19Z,1698150799.47248,2023-10-24T12:33:19Z,09d3174f59e1853fc742c81462f8bf95
202310065,2023-10-25,07:48:13,NEUROSCIENCE EDTU SANE ROOM - 101 MANNING DR,SEX OFFENSE/SANE KITS,5103,Custody of Evidence - Sexual Assault Kit,CO,Closed by Other Means,2023-10-26T01:11:00Z,1698282660.14336,2023-10-26T01:11:00Z,39234bf0363434675daa5c054ca8f143
202310065,2023-10-25,07:48:13,NEUROSCIENCE EDTU SANE ROOM - 101 MANNING DR,SEX OFFENSE/SANE KITS,5103,Custody of Evidence - Sexual Assault Kit,CO,Closed by Other Means,2023-10-26T01:11:00Z,1698282660.14336,2023-10-26T01:11:00Z,39234bf0363434675daa5c054ca8f143
202310070,2023-10-26,16:48:50,"CHILDREN'S HOSPITAL 2 - 101 MANNING DR, 200",EVIDENCE,5101,Custody of Evidence - Bullet/Weapon,CO,Closed by Other Means,2023-10-27T01:10:47Z,1698369047.63096,2023-10-27T01:10:47Z,47ec7e2cd9bf5e42118826b2ca183f9b
202310069,2023-10-26,12:03:45,EMERGENCY DEPARTMENT and NSICU 2730 - 101 Emergency Drive,LOST PROPERTY,6501,Property Lost,CE,Closed by Exception,2023-10-27T01:10:47Z,1698369047.63096,2023-10-27T01:10:47Z,625cc74a5d1aacbef44f00ea0d34ef56
202310070,2023-10-26,16:48:50,"CHILDREN'S HOSPITAL 2 - 101 MANNING DR, 200",EVIDENCE,5101,Custody of Evidence - Bullet/Weapon,CO,Closed by Other Means,2023-10-27T01:10:47Z,1698369047.63096,2023-10-27T01:10:47Z,47ec7e2cd9bf5e42118826b2ca183f9b
202310069,2023-10-26,12:03:45,EMERGENCY DEPARTMENT and NSICU 2730 - 101 Emergency Drive,LOST PROPERTY,6501,Property Lost,CE,Closed by Exception,2023-10-27T01:10:47Z,1698369047.63096,2023-10-27T01:10:47Z,625cc74a5d1aacbef44f00ea0d34ef56
202310066,2023-10-25,12:34:16,"CTICU 4 Anderson Pavilion, Room 4707 - 101 MANNING DR, 196",INFORMATION ONLY,5220,Disturbance,CE,Closed by Exception,2023-10-27T01:10:47Z,1698369047.63096,2023-10-27T01:10:47Z,a1fb81370ba9cbeb24aa7db01c558d8a
202310061,2023-10-23,07:34:53,"PARKING PAVILION GROUND VALET - 101 MANNING DR, 298",LARCENY,6401,Property Found,U,Unfounded,2023-10-27T12:32:33Z,1698409953.42549,2023-10-27T12:32:33Z,e3e26b440a0cf9c9f414e56bad688054
202310073,2023-10-28,18:17:06,"ANDERSON 3 CICU - 101 MANNING DR, 109",VISITOR DISTURBANCE,5220,Disturbance,CO,Closed by Other Means,2023-10-29T01:17:55Z,1698542275.05099,2023-10-29T01:17:55Z,0127f03c617417d568f9af2e71133e7c
202310073,2023-10-28,18:17:06,"ANDERSON 3 CICU - 101 MANNING DR, 109",VISITOR DISTURBANCE,5220,Disturbance,CO,Closed by Other Means,2023-10-29T01:17:55Z,1698542275.05099,2023-10-29T01:17:55Z,0127f03c617417d568f9af2e71133e7c
202310043,2023-10-17,18:24:11,"OLD HOSPITAL 1 - 101 MANNING DR, 259",LARCENY,6501,Property Lost,CE,Closed by Exception,2023-10-30T01:13:02Z,1698628382.3502,2023-10-30T01:13:02Z,4d6833196e4492f461a8ab7f0b8e69b3
202310078,2023-10-30,06:26:23,NEUROSCIENCE EDTU SANE ROOM - 101 MANNING DR,SEX OFFENSE/SANE KITS,5103,Custody of Evidence - Sexual Assault Kit,CO,Closed by Other Means,2023-10-30T12:33:06Z,1698669186.02379,2023-10-30T12:33:06Z,1a28c82f78773905cbd3925cc340f4b3
202310077,2023-10-30,01:44:15,NEUROSCIENCE EDTU SANE ROOM - 101 MANNING DR,SEX OFFENSE/SANE KITS,5103,Custody of Evidence - Sexual Assault Kit,CO,Closed by Other Means,2023-10-30T12:33:06Z,1698669186.02379,2023-10-30T12:33:06Z,c64a013ebe6f125738848a2a66de5abb
202310076,2023-10-29,21:02:18,NEUROSCIENCE EDTU SANE ROOM - 101 MANNING DR,SEX OFFENSE/SANE KITS,5103,Custody of Evidence - Sexual Assault Kit,CO,Closed by Other Means,2023-10-30T12:33:06Z,1698669186.02379,2023-10-30T12:33:06Z,3806c244bf44c1aab444aaf02909be3e
202310078,2023-10-30,06:26:23,NEUROSCIENCE EDTU SANE ROOM - 101 MANNING DR,SEX OFFENSE/SANE KITS,5103,Custody of Evidence - Sexual Assault Kit,CO,Closed by Other Means,2023-10-30T12:33:06Z,1698669186.02379,2023-10-30T12:33:06Z,1a28c82f78773905cbd3925cc340f4b3
202310077,2023-10-30,01:44:15,NEUROSCIENCE EDTU SANE ROOM - 101 MANNING DR,SEX OFFENSE/SANE KITS,5103,Custody of Evidence - Sexual Assault Kit,CO,Closed by Other Means,2023-10-30T12:33:06Z,1698669186.02379,2023-10-30T12:33:06Z,c64a013ebe6f125738848a2a66de5abb
202310076,2023-10-29,21:02:18,NEUROSCIENCE EDTU SANE ROOM - 101 MANNING DR,SEX OFFENSE/SANE KITS,5103,Custody of Evidence - Sexual Assault Kit,CO,Closed by Other Means,2023-10-30T12:33:06Z,1698669186.02379,2023-10-30T12:33:06Z,3806c244bf44c1aab444aaf02909be3e
202310083,2023-10-31,14:17:28,"NEUROSCIENCE BASEMENT POLICE SUP. DESK - 101 MANNING DR, 223",RISK ASSESSMENT,5219.5,Domestic Violence,CO,Closed by Other Means,2023-11-01T01:17:08Z,1698801428.63668,2023-11-01T01:17:08Z,7e67ebd38ae4373c63a1b3c157e1c523
202310083,2023-10-31,14:17:28,"NEUROSCIENCE BASEMENT POLICE SUP. DESK - 101 MANNING DR, 223",RISK ASSESSMENT,5219.5,Domestic Violence,CO,Closed by Other Means,2023-11-01T01:17:08Z,1698801428.63668,2023-11-01T01:17:08Z,7e67ebd38ae4373c63a1b3c157e1c523
202311003,2023-11-01,13:45:55,"EASTOWNE 100 MOB - 100 EASTOWNE, 346",060,5218,Missing Patient,CE,Closed by Exception,2023-11-02T12:33:21Z,1698928401.15208,2023-11-02T12:33:21Z,fec6a74470e9e43b4ef9333fd9d63939
202311003,2023-11-01,13:45:55,"EASTOWNE 100 MOB - 100 EASTOWNE, 346",060,5218,Missing Patient,CE,Closed by Exception,2023-11-02T12:33:21Z,1698928401.15208,2023-11-02T12:33:21Z,fec6a74470e9e43b4ef9333fd9d63939
202311004,2023-11-01,16:06:08,"NEUROSCIENCE BASEMENT METAL SCREENER - 101 MANNING DR, 219",DRUGS,99201,Drug Violations - Possess less than 1/2 ounce of Marijuana,CO,Closed by Other Means,2023-11-03T01:13:01Z,1698973981.65103,2023-11-03T01:13:01Z,8f02bd146da4ea83393dee5e274e987c
202311006,2023-11-03,00:46:54,HILLSBOROUGH - PARKING LOT - 430 WATERSTONE DR,102,6301,Property Damage (Noncriminal),CO,Closed by Other Means,2023-11-03T12:33:33Z,1699014812.76254,2023-11-03T12:33:32Z,bb51ae26268ed63d30e9d273ee2d1bde
202311006,2023-11-03,00:46:54,HILLSBOROUGH - PARKING LOT - 430 WATERSTONE DR,102,6301,Property Damage (Noncriminal),CO,Closed by Other Means,2023-11-03T12:33:32Z,1699014812.76254,2023-11-03T12:33:32Z,bb51ae26268ed63d30e9d273ee2d1bde
202311007,2023-11-03,09:27:19,"MEDICAL SCHOOL WING E 4 - 101 MANNING DR, 217",006,5602,Police Agency Assist,CO,Closed by Other Means,2023-11-04T01:12:29Z,1699060349.65865,2023-11-04T01:12:29Z,f98005725820dc83d7636ee3f215942d
202311007,2023-11-03,09:27:19,"MEDICAL SCHOOL WING E 4 - 101 MANNING DR, 217",006,5602,Police Agency Assist,CO,Closed by Other Means,2023-11-04T01:12:29Z,1699060349.65865,2023-11-04T01:12:29Z,f98005725820dc83d7636ee3f215942d
202311010,2023-11-05,09:39:01,NEUROSCIENCE EDTU SANE ROOM - 101 MANNING DR,SEX OFFENSE/SANE KITS,5103,Custody of Evidence - Sexual Assault Kit,CE,Closed by Exception,2023-11-06T01:15:37Z,1699233337.39903,2023-11-06T01:15:37Z,2cc2c3fa1935b3af0af52d959647d909
202311010,2023-11-05,09:39:01,NEUROSCIENCE EDTU SANE ROOM - 101 MANNING DR,SEX OFFENSE/SANE KITS,5103,Custody of Evidence - Sexual Assault Kit,CE,Closed by Exception,2023-11-06T01:15:37Z,1699233337.39903,2023-11-06T01:15:37Z,2cc2c3fa1935b3af0af52d959647d909
202311012,2023-11-06,19:37:08,"NEUROSCIENCE BASEMENT AMBULANCE BAY - 101 MANNING DR, 232",VEHICLE ACCIDENT/10-50,7201,Vehicle Accidents,CO,Closed by Other Means,2023-11-07T12:33:09Z,1699360389.32627,2023-11-07T12:33:09Z,670418e3b2534b0afee983884795c0a9
202311012,2023-11-06,19:37:08,"NEUROSCIENCE BASEMENT AMBULANCE BAY - 101 MANNING DR, 232",VEHICLE ACCIDENT/10-50,7201,Vehicle Accidents,CO,Closed by Other Means,2023-11-07T12:33:09Z,1699360389.32627,2023-11-07T12:33:09Z,670418e3b2534b0afee983884795c0a9
202311018,2023-11-08,06:35:16,NEUROSCIENCE EDTU SANE ROOM - 101 MANNING DR,SEX OFFENSE/SANE KITS,5103,Custody of Evidence - Sexual Assault Kit,I,Inactive,2023-11-08T12:33:10Z,1699446790.07007,2023-11-08T12:33:10Z,5fb9e18331bafbcf787ad00f38833049
202311018,2023-11-08,06:35:16,NEUROSCIENCE EDTU SANE ROOM - 101 MANNING DR,SEX OFFENSE/SANE KITS,5103,Custody of Evidence - Sexual Assault Kit,I,Inactive,2023-11-08T12:33:10Z,1699446790.07007,2023-11-08T12:33:10Z,5fb9e18331bafbcf787ad00f38833049
202311022,2023-11-09,09:44:15,"CHILDREN'S HOSPITAL 2 - 101 MANNING DR, 200",TRESPASSING,7101,Trespass,CO,Closed by Other Means,2023-11-10T01:12:44Z,1699578764.33939,2023-11-10T01:12:44Z,6973c4f5f5ef90d387f787e4e013211a
202311022,2023-11-09,09:44:15,"CHILDREN'S HOSPITAL 2 - 101 MANNING DR, 200",TRESPASSING,7101,Trespass,CO,Closed by Other Means,2023-11-10T01:12:44Z,1699578764.33939,2023-11-10T01:12:44Z,6973c4f5f5ef90d387f787e4e013211a
202311027,2023-11-11,15:26:31,NEUROSCIENCE EDTU SANE ROOM - 101 MANNING DR,SEX OFFENSE/SANE KITS,5103,Custody of Evidence - Sexual Assault Kit,CO,Closed by Other Means,2023-11-12T01:18:43Z,1699751921.88143,2023-11-12T01:18:41Z,0418798868645e1a049bf400f36aa365
202311027,2023-11-11,15:26:31,NEUROSCIENCE EDTU SANE ROOM - 101 MANNING DR,SEX OFFENSE/SANE KITS,5103,Custody of Evidence - Sexual Assault Kit,CO,Closed by Other Means,2023-11-12T01:18:41Z,1699751921.88143,2023-11-12T01:18:41Z,0418798868645e1a049bf400f36aa365
202310018,2023-10-06,22:19:59,POLICE COMMUNICATIONS WOMENS GROUND - 101 MANNING DR,50B VIOLATION,5219.5,Domestic Violence,A,Active,2023-11-12T01:18:41Z,1699751921.88143,2023-11-12T01:18:41Z,2555ebfe250a645cd295863344d43d38
202311035,2023-11-15,14:33:07,"BEDTOWER 5 - 101 MANNING DR, 149",030,5104,Custody of Evidence - Other,CO,Closed by Other Means,2023-11-16T01:16:06Z,1700097365.84433,2023-11-16T01:16:05Z,8c36544f19302cca1dc7128ba17db623
202311035,2023-11-15,14:33:07,"BEDTOWER 5 - 101 MANNING DR, 149",030,5104,Custody of Evidence - Other,CO,Closed by Other Means,2023-11-16T01:16:05Z,1700097365.84433,2023-11-16T01:16:05Z,8c36544f19302cca1dc7128ba17db623
202311038,2023-11-16,04:23:48,"PATIENT SUPPORT TOWER 5 BURN UNIT BICU - 101 MANNING DR, 310",DRUG PARAPHERNALIA,5102,Custody of Evidence - Drugs/Paraphernalia,CO,Closed by Other Means,2023-11-16T12:34:59Z,1700138098.60003,2023-11-16T12:34:58Z,bdfd1b71bbebff45c819f014bd6b6736
202311038,2023-11-16,04:23:48,"PATIENT SUPPORT TOWER 5 BURN UNIT BICU - 101 MANNING DR, 310",DRUG PARAPHERNALIA,5102,Custody of Evidence - Drugs/Paraphernalia,CO,Closed by Other Means,2023-11-16T12:34:58Z,1700138098.60003,2023-11-16T12:34:58Z,bdfd1b71bbebff45c819f014bd6b6736
202311041,2023-11-16,23:53:54,"OLD HOSPITAL 6 - 101 MANNING DR, 264",LARCENY,99403,Larceny - Patient Property,CO,Closed by Other Means,2023-11-17T12:34:31Z,1700224471.57172,2023-11-17T12:34:31Z,ceab9d0b7749d7977c904c4053f702bc
202311040,2023-11-16,20:02:32,"NEUROSCIENCE BASEMENT TEAM B - 101 MANNING DR, 226",ASSAULT ON STAFF,99102,Assault - Simple - Patient on Employee,CO,Closed by Other Means,2023-11-17T12:34:31Z,1700224471.57172,2023-11-17T12:34:31Z,548e777f641268c82d4e1dc583687de7
202311041,2023-11-16,23:53:54,"OLD HOSPITAL 6 - 101 MANNING DR, 264",LARCENY,99403,Larceny - Patient Property,CO,Closed by Other Means,2023-11-17T12:34:31Z,1700224471.57172,2023-11-17T12:34:31Z,ceab9d0b7749d7977c904c4053f702bc
202311040,2023-11-16,20:02:32,"NEUROSCIENCE BASEMENT TEAM B - 101 MANNING DR, 226",ASSAULT ON STAFF,99102,Assault - Simple - Patient on Employee,CO,Closed by Other Means,2023-11-17T12:34:31Z,1700224471.57172,2023-11-17T12:34:31Z,548e777f641268c82d4e1dc583687de7
202311042,2023-11-17,08:06:04,"Neuroscience Hospital, Ground outside, ED parking area - 101 Manning Dr",VEHICLE ACCIDENT/10-50,7201,Vehicle Accidents,CE,Closed by Exception,2023-11-18T01:15:39Z,1700270139.20328,2023-11-18T01:15:39Z,f28f552e0dec199909e9f05107fdbd6b
202311042,2023-11-17,08:06:04,"Neuroscience Hospital, Ground outside, ED parking area - 101 Manning Dr",VEHICLE ACCIDENT/10-50,7201,Vehicle Accidents,CE,Closed by Exception,2023-11-18T01:15:39Z,1700270139.20328,2023-11-18T01:15:39Z,f28f552e0dec199909e9f05107fdbd6b
202311045,2023-11-18,17:05:53,NEUROSCIENCE GNSH - 101 MANNING DRIVE,PROPERTY DAMAGE/VANDALISM,6301,Property Damage (Noncriminal),CO,Closed by Other Means,2023-11-19T12:32:49Z,1700397169.64684,2023-11-19T12:32:49Z,4dd175e2bef1da8ac55fdd319a9b18b3
202311045,2023-11-18,17:05:53,NEUROSCIENCE GNSH - 101 MANNING DRIVE,PROPERTY DAMAGE/VANDALISM,6301,Property Damage (Noncriminal),CO,Closed by Other Means,2023-11-19T12:32:49Z,1700397169.64684,2023-11-19T12:32:49Z,4dd175e2bef1da8ac55fdd319a9b18b3
202311047,2023-11-19,17:58:15,"HILLSBOROUGH - ED - 430 WATERSTONE DRIVE, 1",005.1,5219.5,Domestic Violence,CO,Closed by Other Means,2023-11-20T01:16:58Z,1700443017.79691,2023-11-20T01:16:57Z,e0183af1ac9618de2d5d13aa47af7d50
202311047,2023-11-19,17:58:15,"HILLSBOROUGH - ED - 430 WATERSTONE DRIVE, 1",005.1,5219.5,Domestic Violence,CO,Closed by Other Means,2023-11-20T01:16:57Z,1700443017.79691,2023-11-20T01:16:57Z,e0183af1ac9618de2d5d13aa47af7d50
202311034,2023-11-15,14:10:18,"NEUROSCIENCE 7 - 101 MANNING DR, 253",DRUGS,5102,Custody of Evidence - Drugs/Paraphernalia,CE,Closed by Exception,2023-11-21T01:19:14Z,1700529554.02301,2023-11-21T01:19:14Z,a05553943b014fbfe7a997a6eda4d884
202310052,2023-10-20,14:07:45,"CAROLINA REHEB. CTR (CRC) - 1807 FORDHAM BLVD, 337",048,99404,Larceny - State/Hospital Property,I,Inactive,2023-11-21T01:19:14Z,1700529554.02301,2023-11-21T01:19:14Z,4e345b6dd661e62a101fa006630371ac
202310051,2023-10-19,16:27:46,CHATHAM PARK MOB - 75 FREEDOM PARKWAY,048,99405,Larceny -Visitor Property,I,Inactive,2023-11-21T01:19:14Z,1700529554.02301,2023-11-21T01:19:14Z,a3a66bab5ad11fdd673dee0338e1ab5f
202311049,2023-11-20,20:29:44,NEUROSCIENCE EDTU SANE ROOM - 101 MANNING DR,SEX OFFENSE/SANE KITS,5103,Custody of Evidence - Sexual Assault Kit,CO,Closed by Other Means,2023-11-21T12:35:10Z,1700570109.94336,2023-11-21T12:35:09Z,016cc6b054eeaa78def18641acb794da
202311049,2023-11-20,20:29:44,NEUROSCIENCE EDTU SANE ROOM - 101 MANNING DR,SEX OFFENSE/SANE KITS,5103,Custody of Evidence - Sexual Assault Kit,CO,Closed by Other Means,2023-11-21T12:35:09Z,1700570109.94336,2023-11-21T12:35:09Z,016cc6b054eeaa78def18641acb794da
202311051,2023-11-21,08:58:04,NEUROSCIENCE EDTU-TRANSITIONAL/FLEX - 101 MANNING DR,005.1,99101,Assault - Simple - Patient on Patient,CE,Closed by Exception,2023-11-22T01:18:23Z,1700615902.78614,2023-11-22T01:18:22Z,625343516b2765cf4e95a07258e131fa
202311051,2023-11-21,08:58:04,NEUROSCIENCE EDTU-TRANSITIONAL/FLEX - 101 MANNING DR,005.1,99101,Assault - Simple - Patient on Patient,CE,Closed by Exception,2023-11-22T01:18:22Z,1700615902.78614,2023-11-22T01:18:22Z,625343516b2765cf4e95a07258e131fa
202311028,2023-11-11,18:37:33,"ANDERSON 4 CTICU - 101 MANNING DR, 106",ASSAULT ON STAFF,99102,Assault - Simple - Patient on Employee,I,Inactive,2023-11-22T01:18:22Z,1700615902.78614,2023-11-22T01:18:22Z,e3a619e4be28f16c64e3d69f71820d50
202311026,2023-11-10,17:15:00,"NEUROSCIENCE 4 CRISIS UNIT - 101 MANNING DR, 247",107,5203,Security Threat,I,Inactive,2023-11-22T01:18:22Z,1700615902.78614,2023-11-22T01:18:22Z,624bffd69936d6d793b7f22a5b1f365c
202310081,2023-10-30,16:00:56,"CHILDREN'S HOSPITAL 2 PICU - 101 MANNING DR, 201",VISITOR DISTURBANCE,5220,Disturbance,I,Inactive,2023-11-22T01:18:22Z,1700615902.78614,2023-11-22T01:18:22Z,6dbe934701262d74f6bed9b6b72a2a8d
202310068,2023-10-26,06:48:24,"Patient Support Tower, Ground Floor, Central Distribution - 101 Manning Drive",DOMESTIC VIOLENCE SITUATION,5219.5,Domestic Violence,I,Inactive,2023-11-22T01:18:22Z,1700615902.78614,2023-11-22T01:18:22Z,44ac5af4dd607b8fa6481981b2057e9c
202310008,2023-10-03,14:07:49,OFFSITE LOCATION. NOT HOSPITAL CONTROLLED. - 100 ANYWHERE ST.,PROPERTY DAMAGE/VANDALISM,6301,Property Damage (Noncriminal),CO,Closed by Other Means,2023-11-22T01:18:22Z,1700615902.78614,2023-11-22T01:18:22Z,38383cd70f1a45e929eb23045b9b10ab
202311054,2023-11-22,02:18:19,EMERGENCY DEPARTMENT - 101 Emergency Drive,TRESPASSING,7101,Trespass,CO,Closed by Other Means,2023-11-22T12:35:16Z,1700656516.26321,2023-11-22T12:35:16Z,72a5287f6c19f7a521e40539e813f954
202311054,2023-11-22,02:18:19,EMERGENCY DEPARTMENT - 101 Emergency Drive,TRESPASSING,7101,Trespass,CO,Closed by Other Means,2023-11-22T12:35:16Z,1700656516.26321,2023-11-22T12:35:16Z,72a5287f6c19f7a521e40539e813f954
202311059,2023-11-23,17:05:55,"NEUROSCIENCE 7 - 101 MANNING DR, 253",DRUGS,5102,Custody of Evidence - Drugs/Paraphernalia,CO,Closed by Other Means,2023-11-24T01:12:45Z,1700788365.62236,2023-11-24T01:12:45Z,7242c1c1cb4ad884009f7d80d8937957
202311058,2023-11-23,07:55:58,"CHILDREN'S HOSPITAL 1 TERRACE CAFE - 101 MANNING DR, 199",TRESPASSING,7101,Trespass,CO,Closed by Other Means,2023-11-24T01:12:45Z,1700788365.62236,2023-11-24T01:12:45Z,ce3ecb09e0ac8758521b4394fc5e9fba
202311059,2023-11-23,17:05:55,"NEUROSCIENCE 7 - 101 MANNING DR, 253",DRUGS,5102,Custody of Evidence - Drugs/Paraphernalia,CO,Closed by Other Means,2023-11-24T01:12:45Z,1700788365.62236,2023-11-24T01:12:45Z,7242c1c1cb4ad884009f7d80d8937957
202311058,2023-11-23,07:55:58,"CHILDREN'S HOSPITAL 1 TERRACE CAFE - 101 MANNING DR, 199",TRESPASSING,7101,Trespass,CO,Closed by Other Means,2023-11-24T01:12:45Z,1700788365.62236,2023-11-24T01:12:45Z,ce3ecb09e0ac8758521b4394fc5e9fba
202311070,2023-11-27,15:58:27,"EASTOWNE 100 MOB - 100 EASTOWNE, 346",102,7201,MV Accident - Hit & Run,5,Open (Office Investigation),2023-11-28T01:17:23Z,1701134243.63363,2023-11-28T01:17:23Z,a0d8ac718c6d9f9c89816213fe9fbb90
202311071,2023-11-27,15:36:07,"OLD HOSPITAL 1 - 101 MANNING DR, 259",PROPERTY DAMAGE/VANDALISM,6301,Property Damage (Noncriminal),A,Active,2023-11-28T01:17:23Z,1701134243.63363,2023-11-28T01:17:23Z,5f1de2460544c3e8eaadcfce143a5106
202311069,2023-11-27,08:31:01,"CAROLINA CROSSING - 2226 NELSON HWY SUITE 101, Suite 101 Audiology Clinic",068,5220,Disturbance,CO,Closed by Other Means,2023-11-28T01:17:23Z,1701134243.63363,2023-11-28T01:17:23Z,ca999d1a7f56b8297c89e562317c6278
202311070,2023-11-27,15:58:27,"EASTOWNE 100 MOB - 100 EASTOWNE, 346",102,7201,MV Accident - Hit & Run,5,Open (Office Investigation),2023-11-28T01:17:23Z,1701134243.63363,2023-11-28T01:17:23Z,a0d8ac718c6d9f9c89816213fe9fbb90
202311071,2023-11-27,15:36:07,"OLD HOSPITAL 1 - 101 MANNING DR, 259",PROPERTY DAMAGE/VANDALISM,6301,Property Damage (Noncriminal),A,Active,2023-11-28T01:17:23Z,1701134243.63363,2023-11-28T01:17:23Z,5f1de2460544c3e8eaadcfce143a5106
202311069,2023-11-27,08:31:01,"CAROLINA CROSSING - 2226 NELSON HWY SUITE 101, Suite 101 Audiology Clinic",068,5220,Disturbance,CO,Closed by Other Means,2023-11-28T01:17:23Z,1701134243.63363,2023-11-28T01:17:23Z,ca999d1a7f56b8297c89e562317c6278
202311061,2023-11-24,01:59:38,"NEUROSCIENCE BASEMENT BHED - 101 MANNING DR, 233",ASSAULT ON STAFF,99102,Assault - Simple - Patient on Employee,I,Inactive,2023-11-28T01:17:23Z,1701134243.63363,2023-11-28T01:17:23Z,776a2f15447fe61d0b379b3572da8e48
202311055,2023-11-22,12:15:29,"TIMBERLYNE GROUND - 1101 WEAVER DAIRY  RD, 316",102,7201,Vehicle Accidents Hit & Run,CO,Closed by Other Means,2023-11-28T01:17:23Z,1701134243.63363,2023-11-28T01:17:23Z,e38510fb7220ac4d7990b73ee8a82095
202311072,2023-11-28,19:00:21,YBH - BUTNER - 100 WEST H STREET,005.1,99101,Assault - Simple - Patient on Patient,NA,NA,2023-11-29T01:17:52Z,1701220672.25377,2023-11-29T01:17:52Z,b269819316bbfbbab07f48b5d29561b7
202311072,2023-11-28,19:00:21,YBH - BUTNER - 100 WEST H STREET,005.1,99101,Assault - Simple - Patient on Patient,NA,NA,2023-11-29T01:17:52Z,1701220672.25377,2023-11-29T01:17:52Z,b269819316bbfbbab07f48b5d29561b7
202311076,2023-11-29,12:54:32,"ANDERSON 2 - 101 MANNING DR, 103",EVIDENCE,5101,Custody of Evidence - Bullet/Weapon,CO,Closed by Other Means,2023-11-30T01:14:43Z,1701306883.72082,2023-11-30T01:14:43Z,fe7e36c2245e9c125c90a5113d5b59fb
202311076,2023-11-29,12:54:32,"ANDERSON 2 - 101 MANNING DR, 103",EVIDENCE,5101,Custody of Evidence - Bullet/Weapon,CO,Closed by Other Means,2023-11-30T01:14:43Z,1701306883.72082,2023-11-30T01:14:43Z,fe7e36c2245e9c125c90a5113d5b59fb
202311079,2023-11-30,00:15:31,CENTRAL DISTRIBUTION-GROUND FL ANDERSON - 101 MANNING DR,LOST PROPERTY,99402,Larceny - Employee Property,CO,Closed by Other Means,2023-11-30T12:34:10Z,1701347650.16224,2023-11-30T12:34:10Z,29c88acfae2946f519bdc4869926cff9
202311079,2023-11-30,00:15:31,CENTRAL DISTRIBUTION-GROUND FL ANDERSON - 101 MANNING DR,LOST PROPERTY,99402,Larceny - Employee Property,CO,Closed by Other Means,2023-11-30T12:34:10Z,1701347650.16224,2023-11-30T12:34:10Z,29c88acfae2946f519bdc4869926cff9
202311063,2023-11-24,13:05:18,NEUROSCIENCE EDTU-TRANSITIONAL/FLEX - 101 MANNING DR,005.1,99102,Assault - Simple - Patient on Employee,A,Active,2023-12-01T01:22:59Z,1701393779.03882,2023-12-01T01:22:59Z,dcc3faaa8be45500d502bcbbeb51b232
202312001,2023-12-01,01:47:17,"NEUROSCIENCE BASEMENT TRIAGE - 101 MANNING DR, 230",DRUGS,5102,Custody of Evidence - Drugs/Paraphernalia,CO,Closed by Other Means,2023-12-01T12:33:29Z,1701434008.51329,2023-12-01T12:33:28Z,9f8f84110b466458429f28a9c4aaa90c
202311085,2023-11-30,22:59:00,YBH - BUTNER - 100 WEST H STREET,005.1,99102,Assault - Simple - Patient on Employee,U,Unfounded,2023-12-01T12:33:29Z,1701434008.51329,2023-12-01T12:33:28Z,4127a32cdd9621491369f59f014dbde5
202312001,2023-12-01,01:47:17,"NEUROSCIENCE BASEMENT TRIAGE - 101 MANNING DR, 230",DRUGS,5102,Custody of Evidence - Drugs/Paraphernalia,CO,Closed by Other Means,2023-12-01T12:33:28Z,1701434008.51329,2023-12-01T12:33:28Z,9f8f84110b466458429f28a9c4aaa90c
202311085,2023-11-30,22:59:00,YBH - BUTNER - 100 WEST H STREET,005.1,99102,Assault - Simple - Patient on Employee,U,Unfounded,2023-12-01T12:33:28Z,1701434008.51329,2023-12-01T12:33:28Z,4127a32cdd9621491369f59f014dbde5
202312005,2023-12-02,03:03:46,"NEUROSCIENCE BASEMENT TEAM A - 101 MANNING DR, 225",ASSAULT ON STAFF,99102,Assault - Simple - Patient on Employee,CE,Closed by Exception,2023-12-02T12:30:32Z,1701520232.42781,2023-12-02T12:30:32Z,b292e068ab87231150098c94f8ae5626
202312003,2023-12-01,17:11:10,"MEADOWMONT 300 - 300 MEADOWMONT VILLAGE CIRCLE, Parking Lot",048,99402,Larceny - Employee Property,5,Open (Office Investigation),2023-12-02T12:30:32Z,1701520232.42781,2023-12-02T12:30:32Z,74c45e7e45a33d46231dde8c6dbde7a4
202312005,2023-12-02,03:03:46,"NEUROSCIENCE BASEMENT TEAM A - 101 MANNING DR, 225",ASSAULT ON STAFF,99102,Assault - Simple - Patient on Employee,CE,Closed by Exception,2023-12-02T12:30:32Z,1701520232.42781,2023-12-02T12:30:32Z,b292e068ab87231150098c94f8ae5626
202312003,2023-12-01,17:11:10,"MEADOWMONT 300 - 300 MEADOWMONT VILLAGE CIRCLE, Parking Lot",048,99402,Larceny - Employee Property,5,Open (Office Investigation),2023-12-02T12:30:32Z,1701520232.42781,2023-12-02T12:30:32Z,74c45e7e45a33d46231dde8c6dbde7a4
202312008,2023-12-02,06:59:30,NEUROSCIENCE EDTU SANE ROOM - 101 MANNING DR,SEX OFFENSE/SANE KITS,5103,Custody of Evidence - Sexual Assault Kit,CO,Closed by Other Means,2023-12-03T01:19:57Z,1701566397.75442,2023-12-03T01:19:57Z,49d2cfd1704b69dd7086d1fe796d14e9
202312008,2023-12-02,06:59:30,NEUROSCIENCE EDTU SANE ROOM - 101 MANNING DR,SEX OFFENSE/SANE KITS,5103,Custody of Evidence - Sexual Assault Kit,CO,Closed by Other Means,2023-12-03T01:19:57Z,1701566397.75442,2023-12-03T01:19:57Z,49d2cfd1704b69dd7086d1fe796d14e9
202312012,2023-12-06,10:27:24,THINK PLACE 2 - 1025 THINK PLACE,026,5220,Disturbance,I,Inactive,2023-12-07T01:16:57Z,1701911816.77026,2023-12-07T01:16:56Z,b3b6da4fffda0da0780b50da886717ef
202312012,2023-12-06,10:27:24,THINK PLACE 2 - 1025 THINK PLACE,026,5220,Disturbance,I,Inactive,2023-12-07T01:16:56Z,1701911816.77026,2023-12-07T01:16:56Z,b3b6da4fffda0da0780b50da886717ef
202312015,2023-12-06,23:46:44,"HILLSBOROUGH - ED - 430 WATERSTONE DRIVE, 1",005.1,13B,Simple Assault,CO,Closed by Other Means,2023-12-08T01:15:40Z,1701998140.68043,2023-12-08T01:15:40Z,ee290908dd086a3ae2d1cd86f39681b6
202312019,2023-12-08,10:17:05,"ANDERSON 2 NSICU - 101 MANNING DR, Room 2741",DRUGS,5102,Custody of Evidence - Drugs/Paraphernalia,CO,Closed by Other Means,2023-12-09T01:15:12Z,1702084512.36827,2023-12-09T01:15:12Z,0baac40b893c93f8952e45f52df1d739
202312019,2023-12-08,10:17:05,"ANDERSON 2 NSICU - 101 MANNING DR, Room 2741",DRUGS,5102,Custody of Evidence - Drugs/Paraphernalia,CO,Closed by Other Means,2023-12-09T01:15:12Z,1702084512.36827,2023-12-09T01:15:12Z,0baac40b893c93f8952e45f52df1d739
202312021,2023-12-09,09:57:41,"ANDERSON 3 CICU - 101 MANNING DR, 109",010,5102,Custody of Evidence - Drugs/Paraphernalia,CE,Closed by Exception,2023-12-10T01:21:26Z,1702171286.37156,2023-12-10T01:21:26Z,06f1991c9539bb925a624cf0a800df7a
202312021,2023-12-09,09:57:41,"ANDERSON 3 CICU - 101 MANNING DR, 109",010,5102,Custody of Evidence - Drugs/Paraphernalia,CE,Closed by Exception,2023-12-10T01:21:26Z,1702171286.37156,2023-12-10T01:21:26Z,06f1991c9539bb925a624cf0a800df7a
202312023,2023-12-09,18:54:07,"NEUROSCIENCE 3 INSERT OFFICE - 101 MANNING DR, 244",ASSAULT ON STAFF,99102,Assault - Simple - Patient on Employee,CO,Closed by Other Means,2023-12-10T12:31:11Z,1702211470.91517,2023-12-10T12:31:10Z,4ac3ac383cab09f86f8af1441be445f2
202312023,2023-12-09,18:54:07,"NEUROSCIENCE 3 INSERT OFFICE - 101 MANNING DR, 244",ASSAULT ON STAFF,99102,Assault - Simple - Patient on Employee,CO,Closed by Other Means,2023-12-10T12:31:10Z,1702211470.91517,2023-12-10T12:31:10Z,4ac3ac383cab09f86f8af1441be445f2
202312027,2023-12-10,19:51:47,YBH - CARDINAL UNIT - 100 WEST H ST,005.1,99101,Assault - Simple - Patient on Patient,U,Unfounded,2023-12-11T12:33:47Z,1702298027.03715,2023-12-11T12:33:47Z,113ebaa1e7c7beb0b466b522c474a660
202312027,2023-12-10,19:51:47,YBH - CARDINAL UNIT - 100 WEST H ST,005.1,99101,Assault - Simple - Patient on Patient,U,Unfounded,2023-12-11T12:33:47Z,1702298027.03715,2023-12-11T12:33:47Z,113ebaa1e7c7beb0b466b522c474a660
202312028,2023-12-11,08:14:27,"NEUROSCIENCE 4 CRISIS UNIT - 101 MANNING DR, 247",ASSAULT ON STAFF,99102,Assault - Simple - Patient on Employee,CO,Closed by Other Means,2023-12-12T01:17:40Z,1702343859.48337,2023-12-12T01:17:39Z,997b62e0fffb91103b41eb7d3e15431c
202312028,2023-12-11,08:14:27,"NEUROSCIENCE 4 CRISIS UNIT - 101 MANNING DR, 247",ASSAULT ON STAFF,99102,Assault - Simple - Patient on Employee,CO,Closed by Other Means,2023-12-12T01:17:39Z,1702343859.48337,2023-12-12T01:17:39Z,997b62e0fffb91103b41eb7d3e15431c
202312032,2023-12-12,00:12:26,"PATIENT SUPPORT TOWER 6 ISCU - 101 MANNING DR, 313",ASSAULT ON STAFF,99102,Assault - Simple - Patient on Employee,CO,Closed by Other Means,2023-12-12T12:34:18Z,1702384457.49214,2023-12-12T12:34:17Z,da1e6af24a7d8604cbeed968ff48523f
202312030,2023-12-11,17:13:21,HILLSBOROUGH-BEDTOWER 1 - 430 WATERSTONE DR,010,5102,Custody of Evidence - Drugs/Paraphernalia,CE,Closed by Exception,2023-12-12T12:34:18Z,1702384457.49214,2023-12-12T12:34:17Z,415541be81806e74fd6b0a5f73ef7b67
202312032,2023-12-12,00:12:26,"PATIENT SUPPORT TOWER 6 ISCU - 101 MANNING DR, 313",ASSAULT ON STAFF,99102,Assault - Simple - Patient on Employee,CO,Closed by Other Means,2023-12-12T12:34:17Z,1702384457.49214,2023-12-12T12:34:17Z,da1e6af24a7d8604cbeed968ff48523f
202312030,2023-12-11,17:13:21,HILLSBOROUGH-BEDTOWER 1 - 430 WATERSTONE DR,010,5102,Custody of Evidence - Drugs/Paraphernalia,CE,Closed by Exception,2023-12-12T12:34:17Z,1702384457.49214,2023-12-12T12:34:17Z,415541be81806e74fd6b0a5f73ef7b67
202312037,2023-12-12,16:53:02,"ANDERSON 1 - 101 MANNING DR, 101",CODE MEDIC,5001,Accident,CE,Closed by Exception,2023-12-13T01:16:42Z,1702430202.45319,2023-12-13T01:16:42Z,4ca8611c90123d3e711927f83dcb8a34
202312037,2023-12-12,16:53:02,"ANDERSON 1 - 101 MANNING DR, 101",CODE MEDIC,5001,Accident,CE,Closed by Exception,2023-12-13T01:16:42Z,1702430202.45319,2023-12-13T01:16:42Z,4ca8611c90123d3e711927f83dcb8a34
202312038,2023-12-13,01:00:00,"WOMEN'S HOSPITAL GROUND INFO DESK - 101 MANNING DR, 325",EVIDENCE,5102,Custody of Evidence - Drugs/Paraphernalia,CE,Closed by Exception,2023-12-13T12:34:17Z,1702470856.91033,2023-12-13T12:34:16Z,b31b76704597ec4b9e42222a5cda9927
202312038,2023-12-13,01:00:00,"WOMEN'S HOSPITAL GROUND INFO DESK - 101 MANNING DR, 325",EVIDENCE,5102,Custody of Evidence - Drugs/Paraphernalia,CE,Closed by Exception,2023-12-13T12:34:16Z,1702470856.91033,2023-12-13T12:34:16Z,b31b76704597ec4b9e42222a5cda9927
202312044,2023-12-14,00:01:54,NEUROSCIENCE EDTU SANE ROOM - 101 MANNING DR,SEX OFFENSE/SANE KITS,5103,Custody of Evidence - Sexual Assault Kit,CO,Closed by Other Means,2023-12-14T12:33:56Z,1702557235.93355,2023-12-14T12:33:55Z,35775eb3b72d7d6d2db3d0bfdd2afb41
202312043,2023-12-13,19:53:54,NEUROSCIENCE EDTU SANE ROOM - 101 MANNING DR,SEX OFFENSE/SANE KITS,5103,Custody of Evidence - Sexual Assault Kit,CO,Closed by Other Means,2023-12-14T12:33:56Z,1702557235.93355,2023-12-14T12:33:55Z,5dce9d6220f89b6abcff97280449d3c0
202312044,2023-12-14,00:01:54,NEUROSCIENCE EDTU SANE ROOM - 101 MANNING DR,SEX OFFENSE/SANE KITS,5103,Custody of Evidence - Sexual Assault Kit,CO,Closed by Other Means,2023-12-14T12:33:55Z,1702557235.93355,2023-12-14T12:33:55Z,35775eb3b72d7d6d2db3d0bfdd2afb41
202312043,2023-12-13,19:53:54,NEUROSCIENCE EDTU SANE ROOM - 101 MANNING DR,SEX OFFENSE/SANE KITS,5103,Custody of Evidence - Sexual Assault Kit,CO,Closed by Other Means,2023-12-14T12:33:55Z,1702557235.93355,2023-12-14T12:33:55Z,5dce9d6220f89b6abcff97280449d3c0
202312041,2023-12-13,10:39:55,"BEDTOWER 4 MICU - 101 MANNING DR, 146",040,5219.5,Domestic Violence,CE,Closed by Exception,2023-12-14T12:33:55Z,1702557235.93355,2023-12-14T12:33:55Z,0bba5cd036901937f738d67e6b005335
202312051,2023-12-15,22:42:58,NEUROSCIENCE EDTU SANE ROOM - 101 MANNING DR,SEX OFFENSE/SANE KITS,5103,Custody of Evidence - Sexual Assault Kit,CE,Closed by Exception,2023-12-16T12:30:41Z,1702729840.86633,2023-12-16T12:30:40Z,067aacaf10098fe24863a77e10f2c895
202312051,2023-12-15,22:42:58,NEUROSCIENCE EDTU SANE ROOM - 101 MANNING DR,SEX OFFENSE/SANE KITS,5103,Custody of Evidence - Sexual Assault Kit,CE,Closed by Exception,2023-12-16T12:30:40Z,1702729840.86633,2023-12-16T12:30:40Z,067aacaf10098fe24863a77e10f2c895
202312054,2023-12-18,00:47:59,NEUROSCIENCE EDTU SANE ROOM - 101 MANNING DR,SEX OFFENSE/SANE KITS,5103,Custody of Evidence - Sexual Assault Kit,CE,Closed by Exception,2023-12-18T12:35:02Z,1702902902.59818,2023-12-18T12:35:02Z,6d5f32453b8d8a5a42f600bcd578876c
202312054,2023-12-18,00:47:59,NEUROSCIENCE EDTU SANE ROOM - 101 MANNING DR,SEX OFFENSE/SANE KITS,5103,Custody of Evidence - Sexual Assault Kit,CE,Closed by Exception,2023-12-18T12:35:02Z,1702902902.59818,2023-12-18T12:35:02Z,6d5f32453b8d8a5a42f600bcd578876c
202312061,2023-12-20,01:13:02,"WOMEN'S HOSPITAL GROUND LOBBY - 101 MANNING DR, 329",TRESPASSING,7101,Trespass,CO,Closed by Other Means,2023-12-20T12:27:21Z,1703075241.53702,2023-12-20T12:27:21Z,bf0f7dd3298130dbcc9666d0f1a0390b
202312059,2023-12-19,19:28:24,NEUROSCIENCE EDTU SANE ROOM - 101 MANNING DR,SEX OFFENSE/SANE KITS,5103,Custody of Evidence - Sexual Assault Kit,CO,Closed by Other Means,2023-12-20T12:27:21Z,1703075241.53702,2023-12-20T12:27:21Z,153b7210842aaa97a1caa37628d2f5f1
202312061,2023-12-20,01:13:02,"WOMEN'S HOSPITAL GROUND LOBBY - 101 MANNING DR, 329",TRESPASSING,7101,Trespass,CO,Closed by Other Means,2023-12-20T12:27:21Z,1703075241.53702,2023-12-20T12:27:21Z,bf0f7dd3298130dbcc9666d0f1a0390b
202312059,2023-12-19,19:28:24,NEUROSCIENCE EDTU SANE ROOM - 101 MANNING DR,SEX OFFENSE/SANE KITS,5103,Custody of Evidence - Sexual Assault Kit,CO,Closed by Other Means,2023-12-20T12:27:21Z,1703075241.53702,2023-12-20T12:27:21Z,153b7210842aaa97a1caa37628d2f5f1
202312064,2023-12-20,15:51:52,NEUROSCIENCE EDTU SANE ROOM - 101 MANNING DR,SEX OFFENSE/SANE KITS,5103,Custody of Evidence - Sexual Assault Kit,CO,Closed by Other Means,2023-12-21T01:15:04Z,1703121304.35386,2023-12-21T01:15:04Z,0786c42b562aa6589f9f9c0d85e563e8
202312063,2023-12-20,15:16:29,"Hillsborough Campus, D&T building, 1st floor, Lobby - 430 Waterstone Drive",048,99404,Larceny - State/Hospital Property,CE,Closed by Exception,2023-12-21T01:15:04Z,1703121304.35386,2023-12-21T01:15:04Z,19be61d7225802b80dd49a8597dc49a3
202312062,2023-12-20,14:51:53,"EASTOWNE 500 GROUND - 500 EASTOWNE, 354",040,5446.1,Harassing Phone Calls,CO,Closed by Other Means,2023-12-21T01:15:04Z,1703121304.35386,2023-12-21T01:15:04Z,d2fd5d7c90a5383fbfcf690c8041d786
202312064,2023-12-20,15:51:52,NEUROSCIENCE EDTU SANE ROOM - 101 MANNING DR,SEX OFFENSE/SANE KITS,5103,Custody of Evidence - Sexual Assault Kit,CO,Closed by Other Means,2023-12-21T01:15:04Z,1703121304.35386,2023-12-21T01:15:04Z,0786c42b562aa6589f9f9c0d85e563e8
202312063,2023-12-20,15:16:29,"Hillsborough Campus, D&T building, 1st floor, Lobby - 430 Waterstone Drive",048,99404,Larceny - State/Hospital Property,CE,Closed by Exception,2023-12-21T01:15:04Z,1703121304.35386,2023-12-21T01:15:04Z,19be61d7225802b80dd49a8597dc49a3
202312062,2023-12-20,14:51:53,"EASTOWNE 500 GROUND - 500 EASTOWNE, 354",040,5446.1,Harassing Phone Calls,CO,Closed by Other Means,2023-12-21T01:15:04Z,1703121304.35386,2023-12-21T01:15:04Z,d2fd5d7c90a5383fbfcf690c8041d786
202311067,2023-11-26,11:57:00,"CHILDREN'S HOSPITAL 5 - 101 MANNING DR, 206",ASSAULT ON STAFF,99102,Assault - Simple - Patient on Employee,CE,Closed by Exception,2023-12-21T01:15:04Z,1703121304.35386,2023-12-21T01:15:04Z,85594a4c522e0aa7c4ebec90f839a225
202312066,2023-12-22,09:54:53,OFFSITE LOCATION. NOT HOSPITAL CONTROLLED. - 100 ANYWHERE ST.,FOLLOW UP,5446.1,Harassing Phone Calls,5,Open (Office Investigation),2023-12-23T01:12:16Z,1703293936.73403,2023-12-23T01:12:16Z,d9fdcb93dba7148024b15b725ab23a86
202312066,2023-12-22,09:54:53,OFFSITE LOCATION. NOT HOSPITAL CONTROLLED. - 100 ANYWHERE ST.,FOLLOW UP,5446.1,Harassing Phone Calls,5,Open (Office Investigation),2023-12-23T01:12:16Z,1703293936.73403,2023-12-23T01:12:16Z,d9fdcb93dba7148024b15b725ab23a86
202312068,2023-12-22,19:24:59,"NEUROSCIENCE 6 - 101 MANNING DR, 252",INFORMATION ONLY,6401,Property Found,CO,Closed by Other Means,2023-12-23T12:29:58Z,1703334598.80567,2023-12-23T12:29:58Z,48c8391cdf4256320d1330e9b2c36a6c
202312068,2023-12-22,19:24:59,"NEUROSCIENCE 6 - 101 MANNING DR, 252",INFORMATION ONLY,6401,Property Found,CO,Closed by Other Means,2023-12-23T12:29:58Z,1703334598.80567,2023-12-23T12:29:58Z,48c8391cdf4256320d1330e9b2c36a6c
202312070,2023-12-23,22:28:51,EMERGENCY DEPARTMENT - 101 Emergency Drive,010,99201,Drug Violations - Possess less than 1/2 ounce of Marijuana,CE,Closed by Exception,2023-12-24T12:30:28Z,1703421028.57142,2023-12-24T12:30:28Z,f7fc9affaee8532a25ef93c35aa82f84
202312070,2023-12-23,22:28:51,EMERGENCY DEPARTMENT - 101 Emergency Drive,010,99201,Drug Violations - Possess less than 1/2 ounce of Marijuana,CE,Closed by Exception,2023-12-24T12:30:28Z,1703421028.57142,2023-12-24T12:30:28Z,f7fc9affaee8532a25ef93c35aa82f84
202312075,2023-12-26,09:41:46,"NEUROSCIENCE BASEMENT BHED - 101 MANNING DR, 233",030,5104,Custody of Evidence - Destruction,CO,Closed by Other Means,2023-12-27T01:13:28Z,1703639608.16133,2023-12-27T01:13:28Z,54b1a1fd4799aeb487b10c94b54b4c97
202312075,2023-12-26,09:41:46,"NEUROSCIENCE BASEMENT BHED - 101 MANNING DR, 233",030,5104,Custody of Evidence - Destruction,CO,Closed by Other Means,2023-12-27T01:13:28Z,1703639608.16133,2023-12-27T01:13:28Z,54b1a1fd4799aeb487b10c94b54b4c97
202312067,2023-12-22,18:12:35,"OFFSITE LOCATION. NOT HOSPITAL CONTROLLED. - 100 ANYWHERE ST., 182",DOMESTIC VIOLENCE SITUATION,5219.5,Domestic Violence,CO,Closed by Other Means,2023-12-27T01:13:28Z,1703639608.16133,2023-12-27T01:13:28Z,aabba0625200673b77794b2e11be194d
202312076,2023-12-26,19:53:05,HILLSBOROUGH OUTSIDE ENTRANCE - 430 WATERSTONE DR,080,6301,Property Damage (Noncriminal),CO,Closed by Other Means,2023-12-27T12:31:45Z,1703680305.28013,2023-12-27T12:31:45Z,6218a8662eceeb647b72696f3efd8339
202312077,2023-12-26,19:51:59,"OUTSIDE ENTRANCE ER - 101 MANNING DR, 296",PATIENT OFF UNIT,99102,Assault - Simple - Patient on Employee,CE,Closed by Exception,2023-12-27T12:31:45Z,1703680305.28013,2023-12-27T12:31:45Z,5f66052b39b16a40e76fe99c626b5520
202312076,2023-12-26,19:53:05,HILLSBOROUGH OUTSIDE ENTRANCE - 430 WATERSTONE DR,080,6301,Property Damage (Noncriminal),CO,Closed by Other Means,2023-12-27T12:31:45Z,1703680305.28013,2023-12-27T12:31:45Z,6218a8662eceeb647b72696f3efd8339
202312077,2023-12-26,19:51:59,"OUTSIDE ENTRANCE ER - 101 MANNING DR, 296",PATIENT OFF UNIT,99102,Assault - Simple - Patient on Employee,CE,Closed by Exception,2023-12-27T12:31:45Z,1703680305.28013,2023-12-27T12:31:45Z,5f66052b39b16a40e76fe99c626b5520
